{
  "APP": {
    "count": 1,
    "sentiment_sum": 0.1,
    "sources": [
      "GoogleTrends"
    ],
    "trend_sentiment": 4.931818181818182,
    "bullish_vol": 5859,
    "bearish_vol": 1187,
    "current_price": 456.80999755859375
  }
}