{
  "V": {
    "count": 1,
    "sentiment_sum": 0.1,
    "sources": [
      "GoogleTrends"
    ],
    "trend_sentiment": 4.846332046332046,
    "bullish_vol": 6276,
    "bearish_vol": 1294,
    "current_price": 325.04998779296875
  }
}