{
  "COST": {
    "count": 1,
    "sentiment_sum": 0.1,
    "sources": [
      "GoogleTrends"
    ],
    "trend_sentiment": 3.8338727076591153,
    "bullish_vol": 7108,
    "bearish_vol": 1853,
    "current_price": 960.9199829101562
  }
}