{
  "D": {
    "count": 1,
    "sentiment_sum": 0.1,
    "sources": [
      "GoogleTrends"
    ],
    "trend_sentiment": 3.5235873509590463,
    "bullish_vol": 6797,
    "bearish_vol": 1928,
    "current_price": 66.69000244140625
  }
}