{
  "IBM": {
    "count": 1,
    "sentiment_sum": 0.1,
    "sources": [
      "GoogleTrends"
    ],
    "trend_sentiment": 19.553956834532375,
    "bullish_vol": 2718,
    "bearish_vol": 138,
    "current_price": 237.86000061035156
  }
}