{
  "D": {
    "count": 1,
    "sentiment_sum": 0.1,
    "sources": [
      "GoogleTrends"
    ],
    "trend_sentiment": 4.268498942917548,
    "bullish_vol": 4038,
    "bearish_vol": 945,
    "current_price": 63.209999084472656
  }
}