{
  "DOW": {
    "count": 1,
    "sentiment_sum": 0.1,
    "sources": [
      "GoogleTrends"
    ],
    "trend_sentiment": 10.179063360881543,
    "bullish_vol": 3695,
    "bearish_vol": 362,
    "current_price": 26.329999923706055
  }
}